{
    "contributes": [
        {
            "keywords": [
                "public static void main"
            ],
            "voices": [
                "hidomoVTBkzn.mp3",
                "hidomoVTBkzn2.mp3"
            ]
        },
        {
            "keywords": [
                "aiaiai"
            ],
            "voices": [
                "blank.mp3"
            ]
        },
        {
            "keywords":["public void"],
            "voices":[
                "为目标迈出脚步.mp3",
                "blank.mp3"
            ]
        },
        {
            "keywords": [
                "[",
                "{"
            ],
            "voices": [
                "ikuyo.mp3"
            ]
        },
        {
            "keywords": [
                ","
            ],
            "voices": [
                "aiaiai01.mp3",
                "aiaiai02.mp3",
                "jiaome.mp3",
                "blank.mp3",
                "blank.mp3"
            ]
        },
        {
            "keywords": [
                "return"
            ],
            "voices": [
                "一路顺风01.mp3",
                "一路顺风02.mp3",
                "一路顺风03.mp3",
                "一路顺风04.mp3",
                "再见啦.mp3"
            ]
        },
        {
            "keywords": [
                "hello"
            ],
            "voices": [
                "hellox4.mp3",
                "哦嗨哟01.mp3",
                "哦嗨哟02.mp3",
                "哦嗨哟03.mp3",
                "哦嗨哟04.mp3"
            ]
        },
        {
            "keywords": [
                "true"
            ],
            "voices": [
                "绝对哦.mp3"
            ]
        },
        {
            "keywords": [
                "false"
            ],
            "voices": [
                "無理.mp3"
            ]
        },
        {
            "keywords":["new"],
            "voices":[
                "create.mp3"
            ]
        },
        {
            "keywords": [
                "while",
                "for"
            ],
            "voices": [
                "again.mp3"
            ]
        },
        
        {
            "keywords":["try"],
            "voices":[
                "能行xN.mp3"
            ]
        },
        {
            "keywords":["catch"],
            "voices":[
                "怎么回事.mp3"
            ]
        },
        {
            "keywords":["throw"],
            "voices":[
                "无路赛.mp3"
            ]
        },
        {
            "keywords":["world!"],
            "voices":[
                "helloworld.mp3"
            ]
        },
        {
            "keywords": ["final"],
            "voices": [
                "constant.mp3"
            ]
        }
    ]
,
    "to be added": [
        "無理.mp3",
        "create.mp3",
        "constant.mp3//Final指创建不可变的字段，类似const；或者不可继承的对象方法"
    ]
}